Workbook

Sheet Testing 1
A1: Testing n with a fixed number of threads (num_threads = 8)
B3: Serial Code | D3: POSIX (Cyclic Partitioning)
A4: n | B4: Computational Time (sec) | C4: Overall Time (sec) | D4: Computational Time (sec) | E4: Overall Time (sec) | F4: Speedup
A5: 10000000 | B5: 4.221819 | D5: 0.664019 | F5: =B5/D5 -> 6.3579792
A6: 11000000 | B6: 4.74567 | D6: 0.760851 | F6: =B6/D6 -> 6.2373185
A7: 12000000 | B7: 5.463295 | D7: 0.847935 | F7: =B7/D7 -> 6.4430587
A8: 13000000 | B8: 6.068673 | D8: 0.93635 | F8: =B8/D8 -> 6.4812015
A9: 14000000 | B9: 6.786482 | D9: 1.072575 | F9: =B9/D9 -> 6.3272797
A10: 15000000 | B10: 7.513092 | D10: 1.16066 | F10: =B10/D10 -> 6.4731205
A11: 16000000 | B11: 8.243417 | D11: 1.268275 | F11: =B11/D11 -> 6.4997079
A12: 17000000 | B12: 9.038981 | D12: 1.379663 | F12: =B12/D12 -> 6.5515861
A13: 18000000 | B13: 11.076497 | D13: 1.566074 | F13: =B13/D13 -> 7.0727801
A14: 19000000 | B14: 11.668154 | D14: 1.63604 | F14: =B14/D14 -> 7.1319491
A15: 20000000 | B15: 12.374013 | D15: 1.75071 | F15: =B15/D15 -> 7.067997
A16: 21000000 | B16: 13.410713 | D16: 1.925499 | F16: =B16/D16 -> 6.9647987
... A35: 40000000 | B35: 32.276363 | D35: 5.294089 | F35: =B35/D35 -> 6.0966793
A37: Testing n with a fixed number of threads (num_threads = 32)
B38: Serial Code | D38: POSIX (Cyclic Partitioning)
A39: n | B39: Computational Time (sec) | C39: Overall Time (sec) | D39: Computational Time (sec) | E39: Overall Time (sec) | F39: Speedup
A40: 10000000 | B40: 3.07422 | D40: 0.199615 | F40: =B40/D40 -> 15.400746
A41: 11000000 | B41: 4.093555 | D41: 0.208622 | F41: =B41/D41 -> 19.621876
A42: 12000000 | B42: 4.904312 | D42: 0.230629 | F42: =B42/D42 -> 21.264941
A43: 13000000 | B43: 5.495484 | D43: 0.268316 | F43: =B43/D43 -> 20.481388
A44: 14000000 | B44: 6.132882 | D44: 0.29424 | F44: =B44/D44 -> 20.843128
A45: 15000000 | B45: 6.798875 | D45: 0.319859 | F45: =B45/D45 -> 21.25585
A46: 16000000 | B46: 7.449279 | D46: 0.374307 | F46: =B46/D46 -> 19.901522
A47: 17000000 | B47: 7.97893 | D47: 0.412031 | F47: =B47/D47 -> 19.364878
A48: 18000000 | B48: 8.72128 | D48: 0.392722 | F48: =B48/D48 -> 22.207261
A49: 19000000 | B49: 9.375312 | D49: 0.411162 | F49: =B49/D49 -> 22.80199
A50: 20000000 | B50: 10.080153 | D50: 0.461416 | F50: =B50/D50 -> 21.846128
A51: 21000000 | B51: 10.752593 | D51: 0.647513 | F51: =B51/D51 -> 16.605988
... A70: 40000000 | B70: 26.71948 | D70: 1.263007 | F70: =B70/D70 -> 21.155449

Sheet Testing 2
A1: Testing number of threads with a fixed n (n = 10,000,000, cores = 8)
B3: Serial Code (Baseline) | C3: POSIX (Cyclic Partitioning) | F3: POSIX (Dynamic Pool Task)
A4: Num Threads | B4: Computational Time (sec) | C4: Computational Time (sec) | D4: Overall Time (sec) | E4: Speedup | F4: Computational Time (sec) | G4: Overall Time (sec)
A5: 1 | B5: 4.221819 | C5: 1.998806 | D5: 7.434447 | E5: =B5/C5 -> 2.1121705 | F5: 2.194672 | G5: 7.352087
A6: 4 | B6: 4.221819 | C6: 1.163114 | D6: 6.404926 | E6: =B6/C6 -> 3.6297551 | F6: 1.157436 | G6: 6.373219
A7: 8 | B7: 4.221819 | C7: 0.663606 | D7: 6.047817 | E7: =B7/C7 -> 6.3619361 | F7: 1.425682 | G7: 6.68733
A8: 16 | B8: 4.221819 | C8: 0.445718 | D8: 5.636774 | E8: =B8/C8 -> 9.4719509 | F8: 1.441973 | G8: 6.768737
A9: 32 | B9: 4.221819 | C9: 0.446779 | D9: 5.650373 | E9: =B9/C9 -> 9.4494571 | F9: 1.43801 | G9: 7.233242
A10: 64 | B10: 4.221819 | C10: 0.445172 | D10: 5.620181 | E10: =B10/C10 -> 9.4835681 | F10: 1.439022 | G10: 6.581357
A12: Testing number of threads with a fixed n (n = 10,000,000, cores = 32)
B14: Serial Code (Baseline) | C14: POSIX (Cyclic Partitioning) | F14: POSIX (Dynamic Pool Task)
A15: Num Threads | B15: Computational Time (sec) | C15: Computational Time (sec) | D15: Overall Time (sec) | E15: Speedup | F15: Computational Time (sec) | G15: Overall Time (sec)
A16: 1 | B16: ='Testing 1'!$B$40 -> 3.07422 | C16: 1.780315 | D16: 7.098691 | E16: =B16/C16 -> 1.7267843 | F16: 1.540073 | G16: 6.663352
A17: 4 | B17: ='Testing 1'!$B$40 -> 3.07422 | C17: 0.912144 | D17: 5.393112 | E17: =B17/C17 -> 3.3703231 | F17: 1.231912 | G17: 6.673882
A18: 8 | B18: ='Testing 1'!$B$40 -> 3.07422 | C18: 0.412225 | D18: 5.588398 | E18: =B18/C18 -> 7.4576263 | F18: 1.475423 | G18: 6.140761
A19: 16 | B19: ='Testing 1'!$B$40 -> 3.07422 | C19: 0.248222 | D19: 5.479741 | E19: =B19/C19 -> 12.384962 | F19: 1.988049 | G19: 7.300585
A20: 32 | B20: ='Testing 1'!$B$40 -> 3.07422 | C20: 0.18618 | D20: 4.98967 | E20: =B20/C20 -> 16.512085 | F20: 1.701823 | G20: 7.063074
A21: 64 | B21: ='Testing 1'!$B$40 -> 3.07422 | C21: 0.175349 | D21: 4.718209 | E21: =B21/C21 -> 17.532008 | F21: 1.561496 | G21: 7.086851
